amino_acid,codon,relative_frequency
*,UAA,0.63
*,UGA,0.18
*,UAG,0.18
A,GCU,0.35
A,GCC,0.29
A,GCA,0.18
A,GCG,0.18
C,UGU,0.39
C,UGC,0.61
D,GAU,0.4
D,GAC,0.6
E,GAA,0.45
E,GAG,0.55
F,UUC,0.73
F,UUU,0.27
G,GGU,0.34
G,GGC,0.31
G,GGA,0.28
G,GGG,0.07
H,CAU,0.36
H,CAC,0.64
I,AUU,0.3
I,AUC,0.54
I,AUA,0.16
K,AAA,0.35
K,AAG,0.65
L,UUA,0.1
L,UUG,0.2
L,CUU,0.12
L,CUC,0.21
L,CUA,0.09
L,CUG,0.3
M,AUG,1.0
N,AAU,0.32
N,AAC,0.68
P,CCU,0.29
P,CCC,0.28
P,CCA,0.28
P,CCG,0.16
Q,CAA,0.43
Q,CAG,0.57
R,CGU,0.24
R,CGC,0.24
R,CGA,0.08
R,CGG,0.06
R,AGA,0.19
R,AGG,0.19
S,UCU,0.17
S,UCC,0.21
S,UCA,0.17
S,UCG,0.13
S,AGU,0.14
S,AGC,0.18
T,ACU,0.27
T,ACC,0.32
T,ACA,0.23
T,ACG,0.18
V,GUU,0.2
V,GUC,0.29
V,GUA,0.17
V,GUG,0.34
W,UGG,1.0
Y,UAU,0.29
Y,UAC,0.71
