t7_promoter_fibrinogen_alpha_utr_with_kozak,GGTAATACGACTCACTATAAGAATCCTTTCTTTCAGCTGGAGTGCTCCTCAGGAGCCAGCCCCACCCTTAGAAAAGGCCACC,82
stop_codons_3_hba_1_utr_xbaI_site,TAATAGTGAGCTGGAGCCTCGGTGGCCATGCTTCTTGCCCCTTGGGCCTCCCCCCAGCCCCTCCTCCCCTTCCTGCACCCAAATCTAGAAAAA,93
TAA_hba_1_utr,TAAGCTGGAGCCTCGGTGGCCATGCTTCTTGCCCCTTGGGCCTCCCCCCAGCCCCTCCTCCCCTTCCTGCACCCAAATCTAGAAAAA,87
fibrinogen_alpha_utr,GGTAATACGACTCACTATAAGAATCCTTTCTTTCAGCTGGAGTGCTCCTCAGGAGCCAGCCCCACCCTTAGAAAAG,76
hba_1_utr,GCTGGAGCCTCGGTGGCCATGCTTCTTGCCCCTTGGGCCTCCCCCCAGCCCCTCCTCCCCTTCCTGCACCCAAATCTAGAAAAA,84
kozak,GCCACC,6
gs_linker,GGGGSGGGGS,10
gs_linker_cai_optimized_codons,GGTGGCGGGGGCAGCGGCGGAGGAGGCTCT,30
hc_signal,MKHLWFFLLLVAAPRWVLS,19
lc_signal,MVLQTQVFISLLLWISGAYG,20
ferritin,LSKDIIKLLNEQVNKEMNSSNLYMSMSSWCYTHSLDGAGLFLFDHAAEEYEHAKKLIIFLNENNVPVQLTSISAPEHKFEGLTQIFQKAYEHEQHISESINNIVDHAIKSKDHATFNFLQWYVAEQHEEEVLFKDILDKIELIGNENHGLYLADQYVKGIAKSRKS,166
ferritin_LSK_removed,DIIKLLNEQVNKEMNSSNLYMSMSSWCYTHSLDGAGLFLFDHAAEEYEHAKKLIIFLNENNVPVQLTSISAPEHKFEGLTQIFQKAYEHEQHISESINNIVDHAIKSKDHATFNFLQWYVAEQHEEEVLFKDILDKIELIGNENHGLYLADQYVKGIAKSRKS,163
ferritin_without_AKSRKS,LSKDIIKLLNEQVNKEMNSSNLYMSMSSWCYTHSLDGAGLFLFDHAAEEYEHAKKLIIFLNENNVPVQLTSISAPEHKFEGLTQIFQKAYEHEQHISESINNIVDHAIKSKDHATFNFLQWYVAEQHEEEVLFKDILDKIELIGNENHGLYLADQYVKGI,160
furin,RRKRSVS,7
gsg_linker,GSG,3
p2a,ATNFSLLKQAGDVEENPGP,19
furin_p2a,RRKRSVSGSGATNFSLLKQAGDVEENPGP,29
SVS_p2a,SVSGSGATNFSLLKQAGDVEENPGP,25
SVS_p2a_cai_optimized_codons,TCTGTCTCTGGCAGCGGCGCCACCAATTTCAGCCTGCTCAAGCAGGCTGGTGACGTGGAGGAAAACCCTGGCCCA,75
furin_p2a_cai_optimized_codons,CGGAGGAAAAGATCTGTCTCTGGCAGCGGGGCCACCAACTTCAGCCTGCTGAAGCAGGCTGGAGACGTGGAAGAGAATCCTGGCCCA,87
sgg_linker,SGG,3
his_tag,HHHHHH,6
ferritin_with_RRKR,LSKDIIKLLNEQVNKEMNSSNLYMSMSSWCYTHSLDGAGLFLFDHAAEEYEHAKKLIIFLNENNVPVQLTSISAPEHKFEGLTQIFQKAYEHEQHISESINNIVDHAIKSKDHATFNFLQWYVAEQHEEEVLFKDILDKIELIGNENHGLYLADQYVKGIRRKR,164
stop_codons_3,TAATAGTGA,9
anti-CD16A_nikkhoi_et_al_2023_hma_linker,PSGQAGAAASESLFVSNHAS,20
GGGGS,GGGGS,5
GGSGGSGGSGGSGG,GGSGGSGGSGGSGG,14
GGGGSGGGGSGGGGS,GGGGSGGGGSGGGGS,15
GGGGSGGGGS,GGGGSGGGGS,10
gaussia_signal,MGVKVLFALICIAVAEA,17
jn.1mutant2_gaussia_signal_codons,ATGGGAGTTAAAGTGTTATTCGCCCTGATCTGTATTGCAGTCGCTGAG,48
moderna_5_utr_1273_with_kozak,GGTAATACGACTCACTATAAGGAAATAAGAGAGAAAAGAAGAGTAAGAAGAAATATAAGACCCCGGCGCCGCCACC,76
moderna_3_utr_1273_with_stop_codons,TGATAATAGGCTGGAGCCTCGGTGGCCTAGCTTCTTGCCCCTTGGGCCTCCCCCCAGCCCCTCCTCCCCTTCCTGCAAAGAGAAAGAAATAAAGAAAGAAAGTGGTCTTTGAATAAAGTCTGAGTGGGCGGCAAAAAAAAGAGACCTCTAGAAAAA,156
moderna_ferritin_codons,GATATCATCAAGCTTCTGAACGAGCAAGTTAACAAGGAAATGCAGAGCAGTAATCTCTACATGAGCATGAGCAGCTGGTGCTACACCCACTCCCTGGACGGAGCAGGCCTCTTCCTGTTCGACCACGCAGCCGAGGAGTACGAGCACGCTAAGAAGTTGATCATTTTCTTGAACGAGAACAACGTGCCCGTGCAGCTAACGTCAATCAGCGCACCTGAGCACAAGTTCGAGGGCCTGACCCAGATCTTCCAGAAGGCCTACGAACACGAACAGCACATCTCCGAGAGCATCAACAATATTGTGGATCACGCTATCAAGTCCAAGGACCACGCTACCTTCAACTTCCTGCAGTGGTACGTGGCCGAGCAACATGAGGAGGAGGTGCTGTTCAAGGACATCCTGGACAAGATCGAGCTGATCGGTAATGAGAATCACGGCCTGTACCTGGCCGACCAGTACGTGAAGGGCATCGCCAAGAGCCGGAAGTCA,489
moderna_ferritin_codons_modified,CTGAGCAAGGATATCATCAAGCTTCTGAACGAGCAAGTTAACAAGGAAATGAACAGCAGTAATCTCTACATGAGCATGAGCAGCTGGTGCTACACCCACTCCCTGGACGGAGCAGGCCTCTTCCTGTTCGACCACGCAGCCGAGGAGTACGAGCACGCTAAGAAGTTGATCATTTTCTTGAACGAGAACAACGTGCCCGTGCAGCTAACGTCAATCAGCGCACCTGAGCACAAGTTCGAGGGCCTGACCCAGATCTTCCAGAAGGCCTACGAACACGAACAGCACATCTCCGAGAGCATCAACAATATTGTGGATCACGCTATCAAGTCCAAGGACCACGCTACCTTCAACTTCCTGCAGTGGTACGTGGCCGAGCAACATGAGGAGGAGGTGCTGTTCAAGGACATCCTGGACAAGATCGAGCTGATCGGTAATGAGAATCACGGCCTGTACCTGGCCGACCAGTACGTGAAGGGCATCGCCAAGAGCCGGAAGTCA,498
moderna_ferritin_codons_modified_RRKR,CTGAGCAAGGATATCATCAAGCTTCTGAACGAGCAAGTTAACAAGGAAATGAACAGCAGTAATCTCTACATGAGCATGAGCAGCTGGTGCTACACCCACTCCCTGGACGGAGCAGGCCTCTTCCTGTTCGACCACGCAGCCGAGGAGTACGAGCACGCTAAGAAGTTGATCATTTTCTTGAACGAGAACAACGTGCCCGTGCAGCTAACGTCAATCAGCGCACCTGAGCACAAGTTCGAGGGCCTGACCCAGATCTTCCAGAAGGCCTACGAACACGAACAGCACATCTCCGAGAGCATCAACAATATTGTGGATCACGCTATCAAGTCCAAGGACCACGCTACCTTCAACTTCCTGCAGTGGTACGTGGCCGAGCAACATGAGGAGGAGGTGCTGTTCAAGGACATCCTGGACAAGATCGAGCTGATCGGTAATGAGAATCACGGCCTGTACCTGGCCGACCAGTACGTGAAGGGCATCAGAAGAAAGAGA,492
gaussia_signal_cai_optimized_codons,ATGGGCGTGAAGGTCCTGTTCGCGCTGATCTGCATCGCCGTGGCCGAGGCT,51
jn.1mutant2_gs_linker_cai_optimized_codons,GGGGGCAGCGGCGGTGGAGGCTCTGGCGGA,30
fc_igg1_region_without_native_signal,DKTHTCPPCPAPELLGGPSVFLFPPKPKDTLMISRTPEVTCVVVDVSHEDPEVKFNWYVDGVEVHNAKTKPREEQYNSTYRVVSVLTVLHQDWLNGKEYKCKVSNKALPAPIEKTISKAKGQPREPQVYTLPPSRDELTKNQVSLTCLVKGFYPSDIAVEWESNGQPENNYKTTPPVLDSDGSFFLYSKLTVDKSRWQQGNVFSCSVMHEALHNHYTQKSLSLSPGK,227
t7_promoter_replacing_first_G,GGTAATACGACTCACTATAA,20
furin_cleavage_linked_ptv12a,RKRRGSGATNFSLLKGAGDVEENPGP,26
human_insulin_signal,MALWMRLLPLLALLALWGPDPAAA,24
avi_tag,GLNDIFEAQKIEWHE,15
gpg_linker,GPG,3
t4_foldon_domain,GYIPEAPRDGQAYVRKDGEWVLLSTFLSGR,30
t4_foldon_domain_without_sgr,GYIPEAPRDGQAYVRKDGEWVLLSTFL,27
g2s4gs2g_linker,GGSGGGGSGG,10
ttt_linker,GSGGSGGSGSGGSGGSGGSGSG,22
gcn4_pII_lz_trimerization_motif,RMKQIEDKIEEILSKIYHIENEIARIKKLIGER,33
lumazine_synthase,EIYEGKLTAEGLRFGIVASRFNHALVDRLVEGAIDCIVRHGGREEDITLVRVPGSWEIPVAAGELARKEDIDAVIAIGVLIRGATPHFDYIASEVSKGLANLSLELRKPITFGVITADTLEQAIERAGTKHGNKGWEAALSAIEMANLFKSLR,153
I53_dn5A,GKYDGSKLRIGILHARWNAEIILALVLGALKRLQEFGVKRENIIIETVPGSFELPYGSKLFVEKQKRLGKPLDAIIPIGVLIKGSTMHFEYICDSTTHQLMKLNFELGIPVIFGVLTCLTDEQAEARAGLIEGKMHNHGEDWGAAAVEMATKFN,154
I53_dn5B,EEAELAYLLGELAYKLGEYRIAIRAYRIALKRDPNNAEAWYNLGNAYYKQGRYREAIEYYQKALELDPNNAEAWYNLGNAYYERGEYEEAIEYYRKALRLDPNNADAMQNLLNAKMREE,119
E2p,AAAKPATTEGEFPETREKMSGIRRAIAKAMVHSKHTAPHVTLMDEADVTKLVAHRKKFKAIAAEKGIKLTFLPYVVKALVSALREYPVLNTAIDDETEEIIQKHYYNIGIAADTDRGLLVPVIKHADRKPIFALAQEINELAEKARDGKLTPGEMKGASCTITNIGSAGGQWFTPVINHPEVAILGIGRIAEKPIVRDGEIVAAPMLALSLSFDHRMIDGATAQKALNHIKRLLSDPELLLM,242
ggsa_linker,GGSA,4
gg_linker,GG,2
honey_bee_melittin_signal,MKFLVNVALVFMVVYISYIYA,21
prescission_cleavage_site,LEVLFQGP,8
thrombin_cleavage_site,LVPRGS,6
baculovirus_gp67_signal,MLLVNQSHQGFNKEHTSKMVSAIVLYVLLAAAAHSAFA,38
g3sg3_linker,GGGSGGG,
stop_codon_taa,TAA